user_id;name;age;gender;city;province;region
AA-10315;Alex Avila;29;F;Samarinda;East Kalimantan;Kalimantan
AA-10375;Allen Armold;29;M;Banjar;West Java;Java
AA-10480;Andrew Allen;32;M;Palopo;South Sulawesi;Sulawesi
AA-10645;Anna Andreadi;20;M;Semarang;Central Java;Java
AB-10015;Aaron Bergman;37;F;Gunungsitoli;North Sumatra;Sumatra
AB-10060;Adam Bellavance;25;F;Tasikmalaya;West Java;Java
AB-10105;Adrian Barton;25;M;Surabaya;East Java;Java
AB-10150;Aimee Bixby;29;M;Bandung;West Java;Java
AB-10165;Alan Barnes;22;M;Sibolga;North Sumatra;Sumatra
AB-10255;Alejandro Ballentine;30;M;Sabang;Aceh;Sumatra
AB-10600;Ann Blume;39;F;Cimahi;West Java;Java
AC-10420;Alyssa Crouse;20;M;Langsa;Aceh;Sumatra
AC-10450;Amy Cox;25;F;Batu;East Java;Java
AC-10615;Ann Chong;32;F;Tanjungbalai;North Sumatra;Sumatra
AC-10660;Anna Chung;24;M;Kendari;Southeast Sulawesi;Sulawesi
AD-10180;Alan Dominguez;40;M;Makassar;South Sulawesi;Sulawesi
AF-10870;Art Ferguson;38;F;Solok;West Sumatra;Sumatra
AF-10885;Art Foster;36;M;Singkawang;West Kalimantan;Kalimantan
AG-10270;Alejandro Grove;36;F;Lhokseumawe;Aceh;Sumatra
AG-10300;Aleksandra Gannaway;31;M;Sukabumi;West Java;Java
AG-10330;Alex Grayson;31;F;Bima;West Nusa Tenggara;Lesser Sunda Islands
AG-10390;Allen Goldenen;32;M;Palopo;South Sulawesi;Sulawesi
AG-10495;Andrew Gjertsen;33;M;Balikpapan;East Kalimantan;Kalimantan
AG-10525;Andy Gerbode;28;M;Tual;Maluku;Maluku
AG-10675;Anna Gayman;23;M;Banjarbaru;South Kalimantan;Kalimantan
AG-10765;Anthony Garverick;24;M;Parepare;South Sulawesi;Sulawesi
AG-10900;Arthur Gainer;24;M;Surabaya;East Java;Java
AH-10030;Aaron Hawkins;39;F;Kotamobagu;North Sulawesi;Sulawesi
AH-10075;Adam Hart;33;F;Batu;East Java;Java
AH-10120;Adrian Hane;25;F;Bogor;West Java;Java
AH-10195;Alan Haines;31;M;Jakarta;Special Capital Region of Jakarta;Java
AH-10210;Alan Hwang;24;M;Palangka Raya;Central Kalimantan;Kalimantan
AH-10465;Amy Hunt;35;M;Bengkulu;Bengkulu;Sumatra
AH-10585;Angele Hood;24;M;Banjarmasin;South Kalimantan;Kalimantan
AH-10690;Anna Haberlin;39;F;Lubuklinggau;South Sumatra;Sumatra
AI-10855;Arianne Irving;25;M;Payakumbuh;West Sumatra;Sumatra
AJ-10780;Anthony Jacobs;39;M;Sawahlunto;West Sumatra;Sumatra
AJ-10795;Anthony Johnson;27;M;Mojokerto City;East Java;Java
AJ-10945;Ashley Jarboe;38;M;Pematangsiantar;North Sumatra;Sumatra
AJ-10960;Astrea Jones;26;F;Pontianak;West Kalimantan;Kalimantan
AM-10360;Alice McCarthy;23;M;Palangka Raya;Central Kalimantan;Kalimantan
AM-10705;Anne McFarland;29;M;Lubuklinggau;South Sumatra;Sumatra
AO-10810;Anthony O'Donnell;31;F;Depok;West Java;Java
AP-10720;Anne Pryor;27;F;Blitar;East Java;Java
AP-10915;Arthur Prichep;30;M;Metro;Lampung;Sumatra
AR-10345;Alex Russell;21;F;Makassar;South Sulawesi;Sulawesi
AR-10405;Allen Rosenblatt;28;M;Cimahi;West Java;Java
AR-10510;Andrew Roberts;30;F;Semarang;Central Java;Java
AR-10540;Andy Reiter;24;F;Pagar Alam;South Sumatra;Sumatra
AR-10570;Anemone Ratner;35;M;Tanjungbalai;North Sumatra;Sumatra
AR-10825;Anthony Rawles;34;M;Banda Aceh;Aceh;Sumatra
AS-10045;Aaron Smayling;23;M;Depok;West Java;Java
AS-10090;Adam Shillingsburg;23;M;Tomohon;North Sulawesi;Sulawesi
AS-10135;Adrian Shami;30;M;Mojokerto City;East Java;Java
AS-10225;Alan Schoenberger;26;M;Pematangsiantar;North Sumatra;Sumatra
AS-10240;Alan Shonely;20;M;Makassar;South Sulawesi;Sulawesi
AS-10285;Alejandro Savely;36;F;Kupang;East Nusa Tenggara;Lesser Sunda Islands
AS-10630;Ann Steele;32;F;Tasikmalaya;West Java;Java
AT-10435;Alyssa Tate;33;M;Pekalongan;Central Java;Java
AT-10735;Annie Thurman;32;M;Metro;Lampung;Sumatra
AW-10840;Anthony Witt;37;F;Tual;Maluku;Maluku Islands
AW-10930;Arthur Wiediger;21;M;Palangka Raya;Central Kalimantan;Kalimantan
AY-10555;Andy Yotov;28;M;Denpasar;Bali;Lesser Sunda Islands
AZ-10750;Annie Zypern;26;M;Binjai;North Sumatra;Sumatra
BB-10990;Barry Blumstein;36;M;Palembang;South Sumatra;Sumatra
BB-11545;Brenda Bowman;32;M;Palopo;South Sulawesi;Sulawesi
BC-11125;Becky Castell;23;F;Kediri;East Java;Java
BD-11320;Bill Donatelli;20;F;Tasikmalaya;West Java;Java
BD-11500;Bradley Drucker;22;M;Ambon;Maluku;Maluku Islands
BD-11560;Brendan Dodson;20;M;Subulussalam;Aceh;Sumatra
BD-11605;Brian Dahlen;27;F;Bengkulu;Bengkulu;Sumatra
BD-11620;Brian DeCherney;32;M;Yogyakarta;Special Region of Yogyakarta;Java
BD-11635;Brian Derr;32;F;Payakumbuh;West Sumatra;Sumatra
BD-11725;Bruce Degenhardt;33;M;Tual;Maluku;Maluku Islands
BD-11770;Bryan Davis;31;F;Palu;Central Sulawesi;Sulawesi
BE-11335;Bill Eplett;37;M;Pariaman;West Sumatra;Sumatra
BE-11410;Bobby Elias;28;M;Palu;Central Sulawesi;Sulawesi
BE-11455;Brad Eason;36;F;Tual;Maluku;Maluku Islands
BF-10975;Barbara Fisher;30;M;Padang Panjang;West Sumatra;Sumatra
BF-11005;Barry Franz;28;F;Mojokerto City;East Java;Java
BF-11020;Barry Franzosisch;34;M;Tebing Tinggi;North Sumatra;Sumatra
BF-11080;Bart Folk;33;F;Bontang;East Kalimantan;Kalimantan
BF-11170;Ben Ferrer;39;F;Bekasi;West Java;Java
BF-11215;Benjamin Farhat;39;F;Pekalongan;Central Java;Java
BF-11275;Beth Fritzler;29;F;Gunungsitoli;North Sumatra;Sumatra
BG-11035;Barry Gonzalez;28;M;Batu;East Java;Java
BG-11695;Brooke Gillingham;39;F;Kediri;East Java;Java
BG-11740;Bruce Geld;29;F;Jakarta;Special Capital Region of Jakarta;Java
BH-11710;Brosina Hoffman;27;F;Kendari;Southeast Sulawesi;Sulawesi
BK-11260;Berenike Kampe;20;M;Samarinda;East Kalimantan;Kalimantan
BM-11140;Becky Martin;23;F;Salatiga;Central Java;Java
BM-11575;Brendan Murry;40;F;Madiun;East Java;Java
BM-11650;Brian Moss;28;M;Depok;West Java;Java
BM-11785;Bryan Mills;39;M;Surabaya;East Java;Java
BN-11470;Brad Norvell;40;M;Bima;West Nusa Tenggara;Lesser Sunda Islands
BN-11515;Bradley Nguyen;22;M;Sawahlunto;West Sumatra;Sumatra
BO-11350;Bill Overfelt;20;M;Balikpapan;East Kalimantan;Kalimantan
BO-11425;Bobby Odegard;23;F;Serang;Banten;Java
BP-11050;Barry Pond;24;M;Medan;North Sumatra;Sumatra
BP-11095;Bart Pistole;37;F;Jambi;Jambi;Sumatra
BP-11155;Becky Pak;29;M;Singkawang;West Kalimantan;Kalimantan
BP-11185;Ben Peterman;36;M;Sukabumi;West Java;Java
BP-11230;Benjamin Patterson;27;F;Banjar;West Java;Java
BP-11290;Beth Paige;23;M;Cirebon;West Java;Java
BS-11365;Bill Shonely;39;M;Yogyakarta;Special Region of Yogyakarta;Java
BS-11380;Bill Stewart;24;M;Sibolga;North Sumatra;Sumatra
BS-11590;Brendan Sweed;29;M;Batu;East Java;Java
BS-11665;Brian Stugart;38;F;Malang;East Java;Java
BS-11755;Bruce Stewart;34;M;Pasuruan;East Java;Java
BS-11800;Bryan Spruell;29;M;Probolinggo;East Java;Java
BT-11305;Beth Thompson;36;F;Serang;Banten;Java
BT-11395;Bill Tyler;20;M;Singkawang;West Kalimantan;Kalimantan
BT-11440;Bobby Trafton;21;F;Madiun;East Java;Java
BT-11485;Brad Thomas;36;F;Prabumulih;South Sumatra;Sumatra
BT-11530;Bradley Talbott;27;M;Sungai Penuh;Jambi;Jambi
BT-11680;Brian Thompson;28;F;Sungai Penuh;Jambi;Jambi
BV-11245;Benjamin Venier;24;F;Pariaman;West Sumatra;Sumatra
BW-11065;Barry Weirich;31;M;Bau-Bau;Southeast Sulawesi;Sulawesi
BW-11110;Bart Watters;25;M;Payakumbuh;West Sumatra;Sumatra
BW-11200;Ben Wallace;29;F;Palangka Raya;Central Kalimantan;Kalimantan
CA-11965;Carol Adams;36;M;Jakarta;Special Capital Region of Jakarta;Java
CA-12055;Cathy Armstrong;39;M;Bengkulu;Bengkulu;Sumatra
CA-12265;Christina Anderson;20;F;Batu;East Java;Java
CA-12310;Christine Abelman;20;M;Blitar;East Java;Java
CA-12775;Cynthia Arntzen;25;F;Padang Panjang;West Sumatra;Sumatra
CB-12025;Cassandra Brandow;37;M;Prabumulih;South Sumatra;Sumatra
CB-12415;Christy Brittain;24;M;Balikpapan;East Kalimantan;Kalimantan
CB-12535;Claudia Bergmann;20;M;Pagar Alam;South Sumatra;Sumatra
CC-12100;Chad Cunningham;39;M;Balikpapan;East Kalimantan;Kalimantan
CC-12145;Charles Crestani;33;M;Tangerang;Banten;Java
CC-12220;Chris Cortes;40;M;Bandar Lampung;Lampung;Sumatra
CC-12370;Christopher Conant;39;F;Bontang;East Kalimantan;Kalimantan
CC-12430;Chuck Clark;38;M;Palu;Central Sulawesi;Sulawesi
CC-12475;Cindy Chapman;29;M;Palu;Central Sulawesi;Sulawesi
CC-12550;Clay Cheatham;21;F;Jambi;Jambi;Sumatra
CC-12610;Corey Catlett;40;F;Mojokerto City;East Java;Java
CC-12670;Craig Carreira;23;M;Kediri;East Java;Java
CC-12685;Craig Carroll;37;F;Bima;West Nusa Tenggara;Lesser Sunda Islands
CD-11920;Carlos Daly;36;F;Salatiga;Central Java;Java
CD-11980;Carol Darley;20;F;Bogor;West Java;Java
CD-12280;Christina DeMoss;29;M;Parepare;South Sulawesi;Sulawesi
CD-12790;Cynthia Delaney;25;F;Bandung;West Java;Java
CG-12040;Catherine Glotzbach;27;M;Cimahi;West Java;Java
CG-12520;Claire Gute;27;F;Malang;East Java;Java
CH-12070;Cathy Hwang;35;F;Bontang;East Kalimantan;Kalimantan
CJ-11875;Carl Jackson;34;F;Solok;West Sumatra;Sumatra
CJ-12010;Caroline Jumper;37;F;Mataram;West Nusa Tenggara;Lesser Sunda Islands
CK-12205;Chloris Kastensmidt;39;M;Banjarmasin;South Kalimantan;Kalimantan
CK-12325;Christine Kargatis;30;F;Tegal;Central Java;Java
CK-12595;Clytie Kelty;24;F;Payakumbuh;West Sumatra;Sumatra
CK-12760;Cyma Kinney;28;M;Padang Panjang;West Sumatra;Sumatra
CL-11890;Carl Ludwig;38;M;Sungai Penuh;Jambi;Jambi
CL-12565;Clay Ludtke;40;F;Manado;North Sulawesi;Sulawesi
CL-12700;Craig Leslie;38;F;Magelang;Central Java;Java
CM-11815;Candace McMahon;28;M;Bogor;West Java;Java
CM-11935;Carlos Meador;37;F;Palu;Central Sulawesi;Sulawesi
CM-12115;Chad McGuire;35;F;Pontianak;West Kalimantan;Kalimantan
CM-12160;Charles McCrossin;40;M;Kediri;East Java;Java
CM-12190;Charlotte Melton;24;M;Kupang;East Nusa Tenggara;Lesser Sunda Islands
CM-12235;Chris McAfee;27;F;Surakarta;Central Java;Java
CM-12385;Christopher Martinez;24;F;Metro;Lampung;Sumatra
CM-12445;Chuck Magee;25;M;Tangerang;Banten;Java
CM-12655;Corinna Mitchell;32;F;Pontianak;West Kalimantan;Kalimantan
CM-12715;Craig Molinari;27;M;Mojokerto City;East Java;Java
Co-12640;Corey-Lock;24;F;Pekalongan;Central Java;Java
CP-12085;Cathy Prescott;37;M;Kupang;East Nusa Tenggara;Lesser Sunda Islands
CP-12340;Christine Phan;40;F;Palopo;South Sulawesi;Sulawesi
CR-12580;Clay Rozendal;24;F;Jambi;Jambi;Sumatra
CR-12625;Corey Roper;34;F;Magelang;Central Java;Java
CR-12730;Craig Reiter;21;M;Singkawang;West Kalimantan;Kalimantan
CR-12820;Cyra Reiten;38;F;Palopo;South Sulawesi;Sulawesi
CS-11845;Cari Sayre;37;F;Prabumulih;South Sumatra;Sumatra
CS-11860;Cari Schnelling;40;F;Lubuklinggau;South Sumatra;Sumatra
CS-11950;Carlos Soltero;29;M;Sukabumi;West Java;Java
CS-12130;Chad Sievert;24;M;Serang;Banten;Java
CS-12175;Charles Sheldon;34;M;Sungai Penuh;Jambi;Jambi
CS-12250;Chris Selesnick;30;M;Cimahi;West Java;Java
CS-12355;Christine Sundaresam;31;F;Lubuklinggau;South Sumatra;Sumatra
CS-12400;Christopher Schild;25;M;Sungai Penuh;Jambi;Jambi
CS-12460;Chuck Sachs;20;F;Lubuklinggau;South Sumatra;Sumatra
CS-12490;Cindy Schnelling;35;F;Parepare;South Sulawesi;Sulawesi
CS-12505;Cindy Stewart;23;M;Padang Panjang;West Sumatra;Sumatra
CT-11995;Carol Triggs;36;M;Solok;West Sumatra;Sumatra
CV-12295;Christina VanderZanden;32;F;Pontianak;West Kalimantan;Kalimantan
CV-12805;Cynthia Voltz;37;F;Malang;East Java;Java
CW-11905;Carl Weiss;21;M;Kendari;Southeast Sulawesi;Sulawesi
CY-12745;Craig Yedwab;22;M;Bogor;West Java;Java
DA-13450;Dianna Arnett;22;M;Salatiga;Central Java;Java
DB-12910;Daniel Byrd;22;M;Probolinggo;East Java;Java
DB-12970;Darren Budd;23;M;Magelang;Central Java;Java
DB-13060;Dave Brooks;33;F;Magelang;Central Java;Java
DB-13120;David Bremer;24;F;Surakarta;Central Java;Java
DB-13210;Dean Braden;36;M;South Tangerang;Banten;Java
DB-13270;Deborah Brumfield;30;M;Mojokerto City;East Java;Java
DB-13360;Dennis Bolton;23;F;Solok;West Sumatra;Sumatra
DB-13405;Denny Blanton;28;F;Bukittinggi;West Sumatra;Sumatra
DB-13555;Dorothy Badders;35;F;Pontianak;West Kalimantan;Kalimantan
DB-13615;Doug Bickford;33;F;Samarinda;East Kalimantan;Kalimantan
DB-13660;Duane Benoit;31;F;Pariaman;West Sumatra;Sumatra
DC-12850;Dan Campbell;36;F;Tomohon;North Sulawesi;Sulawesi
DC-13285;Debra Catini;35;M;Depok;West Java;Java
DD-13570;Dorothy Dickinson;25;M;Bekasi;West Java;Java
DE-13255;Deanra Eno;32;F;Bitung;North Sulawesi;Sulawesi
DF-13135;David Flashing;28;M;Madiun;East Java;Java
DG-13300;Deirdre Greer;33;F;Pekalongan;Central Java;Java
DH-13075;Dave Hallsten;29;F;Bukittinggi;West Sumatra;Sumatra
DH-13675;Duane Huffman;26;F;Kendari;Southeast Sulawesi;Sulawesi
DJ-13420;Denny Joy;25;F;Solok;West Sumatra;Sumatra
DJ-13510;Don Jones;21;M;Blitar;East Java;Java
DJ-13630;Doug Jacobs;29;M;Tegal;Central Java;Java
DK-12835;Damala Kotsonis;29;F;Bekasi;West Java;Java
DK-12895;Dana Kaydos;27;F;Tangerang;Banten;Java
DK-12985;Darren Koutras;38;M;Palembang;South Sumatra;Sumatra
DK-13090;Dave Kipp;38;M;Jakarta;Special Capital Region of Jakarta;Java
DK-13150;David Kendrick;21;F;Salatiga;Central Java;Java
DK-13225;Dean Katz;27;F;Semarang;Central Java;Java
DK-13375;Dennis Kane;28;F;Makassar;South Sulawesi;Sulawesi
DL-12865;Dan Lawera;38;F;Bau-Bau;Southeast Sulawesi;Sulawesi
DL-12925;Daniel Lacy;20;F;Metro;Lampung;Sumatra
DL-13315;Delfina Latchford;31;M;Palu;Central Sulawesi;Sulawesi
DL-13330;Denise Leinenbach;36;F;Palu;Central Sulawesi;Sulawesi
DL-13495;Dionis Lloyd;39;F;Padang;West Sumatra;Sumatra
Dl-13600;Dorris liebe;28;F;Sawahlunto;West Sumatra;Sumatra
DM-12955;Dario Medina;40;F;Tegal;Central Java;Java
DM-13015;Darrin Martin;37;M;Prabumulih;South Sumatra;Sumatra
DM-13345;Denise Monton;27;F;Solok;West Sumatra;Sumatra
DM-13525;Don Miller;26;F;Pontianak;West Kalimantan;Kalimantan
DN-13690;Duane Noonan;22;F;Kendari;Southeast Sulawesi;Sulawesi
DO-13435;Denny Ordway;40;M;Semarang;Central Java;Java
DO-13645;Doug O'Connell;39;F;Tual;Maluku;Maluku Islands
DP-13000;Darren Powers;28;M;Ambon;Maluku;Maluku Islands
DP-13105;Dave Poirier;37;F;Banjarbaru;South Kalimantan;Kalimantan
DP-13165;David Philippe;31;M;Palu;Central Sulawesi;Sulawesi
Dp-13240;Dean percer;22;F;Bogor;West Java;Java
DP-13390;Dennis Pardue;33;F;Gunungsitoli;North Sumatra;Sumatra
DR-12880;Dan Reichenbach;31;F;Cilegon;Banten;Java
DR-12940;Daniel Raglin;40;M;Pagar Alam;South Sumatra;Sumatra
DS-13030;Darrin Sayre;40;M;Bekasi;West Java;Java
DS-13180;David Smith;38;F;Kotamobagu;North Sulawesi;Sulawesi
DV-13045;Darrin Van Huff;30;M;Parepare;South Sulawesi;Sulawesi
DV-13465;Dianna Vittorini;21;F;Pariaman;West Sumatra;Sumatra
DW-13195;David Wiener;30;F;Kendari;Southeast Sulawesi;Sulawesi
DW-13480;Dianna Wilson;33;F;Banjarmasin;South Kalimantan;Kalimantan
DW-13540;Don Weiss;26;F;Balikpapan;East Kalimantan;Kalimantan
DW-13585;Dorothy Wardle;33;M;Kotamobagu;North Sulawesi;Sulawesi
EA-14035;Erin Ashbrook;25;F;Pekalongan;Central Java;Java
EB-13705;Ed Braxton;29;M;Bukittinggi;West Sumatra;Sumatra
EB-13750;Edward Becker;26;F;Padang;West Sumatra;Sumatra
EB-13840;Ellis Ballard;32;F;Serang;Banten;Java
EB-13870;Emily Burns;40;F;Makassar;South Sulawesi;Sulawesi
EB-13930;Eric Barreto;40;M;Magelang;Central Java;Java
EB-13975;Erica Bern;34;M;Solok;West Sumatra;Sumatra
EB-14110;Eugene Barchas;31;M;Palopo;South Sulawesi;Sulawesi
EB-14170;Evan Bailliet;31;F;Manado;North Sulawesi;Sulawesi
EC-14050;Erin Creighton;34;F;South Tangerang;Banten;Java
ED-13885;Emily Ducich;26;F;Banjar;West Java;Java
EG-13900;Emily Grady;34;F;Bau-Bau;Southeast Sulawesi;Sulawesi
EH-13765;Edward Hooks;21;F;Madiun;East Java;Java
EH-13945;Eric Hoffmann;22;M;Padang Panjang;West Sumatra;Sumatra
EH-13990;Erica Hackney;37;M;Bitung;North Sulawesi;Sulawesi
EH-14005;Erica Hernandez;30;F;Padang;West Sumatra;Sumatra
EH-14125;Eugene Hildebrand;36;F;Salatiga;Central Java;Java
EH-14185;Evan Henry;32;M;Padang;West Sumatra;Sumatra
EJ-13720;Ed Jacobs;23;M;Kendari;Southeast Sulawesi;Sulawesi
EJ-14155;Eva Jacobs;31;F;Bandung;West Java;Java
EK-13795;Eileen Kiefer;21;F;Palembang;South Sumatra;Sumatra
EL-13735;Ed Ludwig;30;F;Bukittinggi;West Sumatra;Sumatra
EM-13810;Eleni McCrary;27;F;Surakarta;Central Java;Java
EM-13825;Elizabeth Moffitt;37;M;Malang;East Java;Java
EM-13960;Eric Murdock;38;M;Padang Panjang;West Sumatra;Sumatra
EM-14065;Erin Mull;20;F;Bontang;East Kalimantan;Kalimantan
EM-14095;Eudokia Martin;28;F;Pontianak;West Kalimantan;Kalimantan
EM-14140;Eugene Moren;21;F;South Tangerang;Banten;Java
EM-14200;Evan Minnotte;24;F;Parepare;South Sulawesi;Sulawesi
EN-13780;Edward Nazzal;33;F;Makassar;South Sulawesi;Sulawesi
EP-13915;Emily Phan;20;M;Tegal;Central Java;Java
ER-13855;Elpida Rittenbach;21;F;Salatiga;Central Java;Java
ES-14020;Erica Smith;31;M;Depok;West Java;Java
ES-14080;Erin Smith;25;M;Tual;Maluku;Maluku Islands
FA-14230;Frank Atkinson;36;M;Lubuklinggau;South Sumatra;Sumatra
FC-14245;Frank Carlisle;22;F;Pekalongan;Central Java;Java
FC-14335;Fred Chung;29;F;Bogor;West Java;Java
FG-14260;Frank Gastineau;20;F;Kendari;Southeast Sulawesi;Sulawesi
FH-14275;Frank Hawley;21;F;Balikpapan;East Kalimantan;Kalimantan
FH-14350;Fred Harton;36;M;Pariaman;West Sumatra;Sumatra
FH-14365;Fred Hopkins;21;M;Cimahi;West Java;Java
FM-14215;Filia McAdams;25;M;Singkawang;West Kalimantan;Kalimantan
FM-14290;Frank Merwin;27;M;Samarinda;East Kalimantan;Kalimantan
FM-14380;Fred McMath;25;F;Bukittinggi;West Sumatra;Sumatra
FO-14305;Frank Olsen;22;M;Bekasi;West Java;Java
FP-14320;Frank Preis;28;F;Kupang;East Nusa Tenggara;Lesser Sunda Islands
FW-14395;Fred Wasserman;32;F;Banjarbaru;South Kalimantan;Kalimantan
GA-14515;George Ashbrook;20;M;Salatiga;Central Java;Java
GA-14725;Guy Armstrong;31;F;Tegal;Central Java;Java
GB-14530;George Bell;38;F;Prabumulih;South Sumatra;Sumatra
GB-14575;Giulietta Baptist;32;F;Bogor;West Java;Java
GD-14590;Giulietta Dortch;40;M;Bukittinggi;West Sumatra;Sumatra
GG-14650;Greg Guthrie;38;F;Malang;East Java;Java
GH-14410;Gary Hansen;39;M;Probolinggo;East Java;Java
GH-14425;Gary Hwang;33;M;Banjarmasin;South Kalimantan;Kalimantan
GH-14485;Gene Hale;24;F;Banjar;West Java;Java
GH-14665;Greg Hansen;28;M;Payakumbuh;West Sumatra;Sumatra
GK-14620;Grace Kelly;30;M;Pagar Alam;South Sumatra;Sumatra
GM-14440;Gary McGarr;32;F;Sukabumi;West Java;Java
GM-14455;Gary Mitchum;29;F;Kendari;Southeast Sulawesi;Sulawesi
GM-14500;Gene McClure;38;F;Jambi;Jambi;Sumatra
GM-14680;Greg Matthias;28;M;Metro;Lampung;Sumatra
GM-14695;Greg Maxwell;32;M;Denpasar;Bali;Lesser Sunda Islands
GP-14740;Guy Phonely;37;F;Surabaya;East Java;Java
GR-14560;Georgia Rosenberg;37;F;Palembang;South Sumatra;Sumatra
GT-14635;Grant Thornton;28;F;Banjarbaru;South Kalimantan;Kalimantan
GT-14710;Greg Tran;38;M;Pekalongan;Central Java;Java
GT-14755;Guy Thornton;33;F;Padang Panjang;West Sumatra;Sumatra
GW-14605;Giulietta Weimer;30;F;Palangka Raya;Central Kalimantan;Kalimantan
GZ-14470;Gary Zandusky;30;M;Bitung;North Sulawesi;Sulawesi
GZ-14545;George Zrebassa;39;F;Cirebon;West Java;Java
HA-14905;Helen Abelman;35;M;Tomohon;North Sulawesi;Sulawesi
HA-14920;Helen Andreada;38;F;Manado;North Sulawesi;Sulawesi
HD-14785;Harold Dahlen;35;M;Pariaman;West Sumatra;Sumatra
HE-14800;Harold Engle;39;F;Sawahlunto;West Sumatra;Sumatra
HF-14995;Herbert Flentye;24;F;Pagar Alam;South Sumatra;Sumatra
HG-14845;Harry Greene;24;M;Bontang;East Kalimantan;Kalimantan
HG-14965;Henry Goldwyn;29;F;Pekalongan;Central Java;Java
HG-15025;Hunter Glantz;30;M;Sungai Penuh;Jambi;Jambi
HH-15010;Hilary Holden;38;M;Tangerang;Banten;Java
HJ-14875;Heather Jas;22;M;Ambon;Maluku;Maluku Islands
HK-14890;Heather Kirkland;38;F;Bau-Bau;Southeast Sulawesi;Sulawesi
HL-15040;Hunter Lopez;32;F;South Tangerang;Banten;Java
HM-14860;Harry Marie;25;F;Payakumbuh;West Sumatra;Sumatra
HM-14980;Henry MacAllister;21;M;Lubuklinggau;South Sumatra;Sumatra
HP-14815;Harold Pawlan;32;M;Semarang;Central Java;Java
HR-14770;Hallie Redmond;25;M;Jakarta;Special Capital Region of Jakarta;Java
HR-14830;Harold Ryan;31;M;Bogor;West Java;Java
HW-14935;Helen Wasserman;22;M;Kediri;East Java;Java
HZ-14950;Henia Zydlo;40;F;Denpasar;Bali;Lesser Sunda Islands
IG-15085;Ivan Gibson;25;M;Binjai;North Sumatra;Sumatra
IL-15100;Ivan Liston;30;F;Banjarbaru;South Kalimantan;Kalimantan
IM-15055;Ionia McGrath;24;M;Bandar Lampung;Lampung;Sumatra
IM-15070;Irene Maddox;28;M;Semarang;Central Java;Java
JA-15970;Joseph Airdo;22;M;Semarang;Central Java;Java
JB-15400;Jennifer Braxton;29;M;Payakumbuh;West Sumatra;Sumatra
JB-15925;Joni Blumstein;25;M;Sungai Penuh;Jambi;Jambi
JB-16000;Joy Bell-;22;F;Parepare;South Sulawesi;Sulawesi
JB-16045;Julia Barnett;34;M;Padang Sidempuan;North Sumatra;Sumatra
JC-15340;Jasper Cacioppo;23;M;Bau-Bau;Southeast Sulawesi;Sulawesi
JC-15385;Jenna Caffey;23;F;Kupang;East Nusa Tenggara;Lesser Sunda Islands
JC-15775;John Castell;35;F;Bontang;East Kalimantan;Kalimantan
JC-16105;Julie Creighton;37;F;Sawahlunto;West Sumatra;Sumatra
JD-15790;John Dryer;33;F;Serang;Banten;Java
JD-15895;Jonathan Doherty;38;F;Cimahi;West Java;Java
JD-16015;Joy Daniels;38;F;Mojokerto City;East Java;Java
JD-16060;Julia Dunbar;34;M;Singkawang;West Kalimantan;Kalimantan
JD-16150;Justin Deggeller;35;F;Serang;Banten;Java
JE-15475;Jeremy Ellison;24;M;Samarinda;East Kalimantan;Kalimantan
JE-15610;Jim Epp;30;F;Bitung;North Sulawesi;Sulawesi
JE-15715;Joe Elijah;27;F;Gunungsitoli;North Sumatra;Sumatra
JE-15745;Joel Eaton;26;F;Manado;North Sulawesi;Sulawesi
JE-16165;Justin Ellison;33;M;Sibolga;North Sumatra;Sumatra
JF-15190;Jamie Frazer;29;M;Payakumbuh;West Sumatra;Sumatra
JF-15295;Jason Fortune-;36;F;Parepare;South Sulawesi;Sulawesi
JF-15355;Jay Fein;30;M;Mataram;West Nusa Tenggara;Lesser Sunda Islands
JF-15415;Jennifer Ferguson;22;M;Sungai Penuh;Jambi;Jambi
JF-15490;Jeremy Farry;35;F;Tegal;Central Java;Java
JF-15565;Jill Fjeld;22;F;Cimahi;West Java;Java
JG-15115;Jack Garza;26;M;Jakarta;Special Capital Region of Jakarta;Java
JG-15160;James Galang;38;M;Tomohon;North Sulawesi;Sulawesi
JG-15310;Jason Gross;20;M;Bandung;West Java;Java
JG-15805;John Grady;24;M;Padang;West Sumatra;Sumatra
JH-15430;Jennifer Halladay;27;F;Banjarmasin;South Kalimantan;Kalimantan
JH-15820;John Huston;28;F;Lubuklinggau;South Sumatra;Sumatra
JH-15910;Jonathan Howell;23;M;Banjarmasin;South Kalimantan;Kalimantan
JH-15985;Joseph Holt;32;M;Bekasi;West Java;Java
JH-16180;Justin Hirsh;32;M;Malang;East Java;Java
JJ-15445;Jennifer Jackson;25;F;Sawahlunto;West Sumatra;Sumatra
JJ-15760;Joel Jenkins;29;M;Blitar;East Java;Java
JK-15205;Jamie Kunitz;29;F;Malang;East Java;Java
JK-15325;Jason Klamczynski;33;F;Bukittinggi;West Sumatra;Sumatra
JK-15370;Jay Kimmel;29;F;Pagar Alam;South Sumatra;Sumatra
JK-15625;Jim Karlsson;25;M;Salatiga;Central Java;Java
JK-15640;Jim Kriz;31;M;Tomohon;North Sulawesi;Sulawesi
JK-15730;Joe Kamberova;36;F;Surakarta;Central Java;Java
JK-16090;Juliana Krohn;23;F;Magelang;Central Java;Java
JK-16120;Julie Kriz;23;M;Batu;East Java;Java
JL-15130;Jack Lebron;29;M;Kupang;East Nusa Tenggara;Lesser Sunda Islands
JL-15175;James Lanier;29;F;Surabaya;East Java;Java
JL-15235;Janet Lee;26;F;Madiun;East Java;Java
JL-15505;Jeremy Lonsdale;28;F;Palembang;South Sumatra;Sumatra
JL-15835;John Lee;22;F;Denpasar;Bali;Lesser Sunda Islands
JL-15850;John Lucas;22;M;Bukittinggi;West Sumatra;Sumatra
JM-15250;Janet Martin;23;F;South Tangerang;Banten;Java
JM-15265;Janet Molinari;40;F;Batu;East Java;Java
JM-15535;Jessica Myrick;29;M;Makassar;South Sulawesi;Sulawesi
JM-15580;Jill Matthias;30;F;Magelang;Central Java;Java
JM-15655;Jim Mitchum;36;M;Madiun;East Java;Java
JM-15865;John Murray;34;F;Kediri;East Java;Java
JM-16195;Justin MacKendrick;37;F;Sawahlunto;West Sumatra;Sumatra
JO-15145;Jack O'Briant;30;F;Bekasi;West Java;Java
JO-15280;Jas O'Carroll;39;M;Tebing Tinggi;North Sumatra;Sumatra
JO-15550;Jesus Ocampo;33;M;Yogyakarta;Special Region of Yogyakarta;Java
JP-15460;Jennifer Patt;22;M;Tegal;Central Java;Java
JP-15520;Jeremy Pistek;29;M;Surakarta;Central Java;Java
JP-16135;Julie Prescott;32;F;Tual;Maluku;Maluku Islands
JR-15670;Jim Radford;29;F;Binjai;North Sumatra;Sumatra
JR-15700;Jocasta Rupert;23;M;Yogyakarta;Special Region of Yogyakarta;Java
JR-16210;Justin Ritter;20;F;Tanjungbalai;North Sumatra;Sumatra
JS-15595;Jill Stevenson;24;M;Singkawang;West Kalimantan;Kalimantan
JS-15685;Jim Sink;38;F;Bontang;East Kalimantan;Kalimantan
JS-15880;John Stevenson;25;F;Kupang;East Nusa Tenggara;Lesser Sunda Islands
JS-15940;Joni Sundaresam;35;F;Bau-Bau;Southeast Sulawesi;Sulawesi
JS-16030;Joy Smith;40;F;Sungai Penuh;Jambi;Jambi
JW-15220;Jane Waco;37;M;Surabaya;East Java;Java
JW-15955;Joni Wasserman;39;F;Pagar Alam;South Sumatra;Sumatra
JW-16075;Julia West;20;M;Bima;West Nusa Tenggara;Lesser Sunda Islands
KA-16525;Kelly Andreada;36;M;Singkawang;West Kalimantan;Kalimantan
KB-16240;Karen Bern;21;M;Sibolga;North Sumatra;Sumatra
KB-16315;Karl Braun;21;M;Bekasi;West Java;Java
KB-16405;Katrina Bavinger;33;F;Parepare;South Sulawesi;Sulawesi
KB-16585;Ken Black;37;F;Serang;Banten;Java
KB-16600;Ken Brennan;34;M;Semarang;Central Java;Java
KC-16255;Karen Carlisle;34;F;Parepare;South Sulawesi;Sulawesi
KC-16540;Kelly Collister;30;F;Banjarmasin;South Kalimantan;Kalimantan
KC-16675;Kimberly Carter;28;F;Bekasi;West Java;Java
KD-16270;Karen Daniels;33;F;Surabaya;East Java;Java
KD-16345;Katherine Ducich;33;M;Bontang;East Kalimantan;Kalimantan
KD-16495;Keith Dawkins;32;F;Jakarta;Special Capital Region of Jakarta;Java
KD-16615;Ken Dana;21;M;Mojokerto City;East Java;Java
KE-16420;Katrina Edelman;33;M;Pasuruan;East Java;Java
KF-16285;Karen Ferguson;20;M;Semarang;Central Java;Java
KH-16330;Katharine Harms;40;M;Samarinda;East Kalimantan;Kalimantan
KH-16360;Katherine Hughes;23;M;Pematangsiantar;North Sumatra;Sumatra
KH-16510;Keith Herrera;20;M;Parepare;South Sulawesi;Sulawesi
KH-16630;Ken Heidel;20;M;Tegal;Central Java;Java
KH-16690;Kristen Hastings;20;F;Tebing Tinggi;North Sumatra;Sumatra
KL-16555;Kelly Lampkin;32;F;Pontianak;West Kalimantan;Kalimantan
KL-16645;Ken Lonsdale;37;M;Palangka Raya;Central Kalimantan;Kalimantan
KM-16225;Kalyca Meade;32;M;Manado;North Sulawesi;Sulawesi
KM-16375;Katherine Murray;31;M;Lubuklinggau;South Sumatra;Sumatra
KM-16660;Khloe Miller;26;F;South Tangerang;Banten;Java
KM-16720;Kunst Miller;20;M;Tegal;Central Java;Java
KN-16390;Katherine Nockton;30;F;Subulussalam;Aceh;Sumatra
KN-16450;Kean Nguyen;29;F;Sawahlunto;West Sumatra;Sumatra
KN-16705;Kristina Nunn;36;F;Surakarta;Central Java;Java
KS-16300;Karen Seio;31;M;Parepare;South Sulawesi;Sulawesi
KT-16465;Kean Takahito;38;F;Sabang;Aceh;Sumatra
KT-16480;Kean Thornton;27;F;Medan;North Sumatra;Sumatra
KW-16435;Katrina Willman;40;F;Lhokseumawe;Aceh;Sumatra
KW-16570;Kelly Williams;28;F;Tual;Maluku;Maluku
LA-16780;Laura Armstrong;34;M;Tebing Tinggi;North Sumatra;Sumatra
LB-16735;Larry Blacks;40;M;Bekasi;West Java;Java
LB-16795;Laurel Beltran;35;M;Bima;West Nusa Tenggara;Lesser Sunda Islands
LC-16870;Lena Cacioppo;36;F;Sabang;Aceh;Sumatra
LC-16885;Lena Creighton;23;M;Banjarmasin;South Kalimantan;Kalimantan
LC-16930;Linda Cazamias;22;F;Sabang;Aceh;Sumatra
LC-16960;Lindsay Castell;37;F;Yogyakarta;Special Region of Yogyakarta;Java
LC-17050;Liz Carlisle;34;F;South Tangerang;Banten;Java
LC-17140;Logan Currie;34;M;Balikpapan;East Kalimantan;Kalimantan
LD-16855;Lela Donovan;37;F;Singkawang;West Kalimantan;Kalimantan
LD-17005;Lisa DeCherney;26;M;Palu;Central Sulawesi;Sulawesi
LE-16810;Laurel Elliston;34;F;Semarang;Central Java;Java
LF-17185;Luke Foster;28;F;Langsa;Aceh;Sumatra
LH-16750;Larry Hughes;30;F;Makassar;South Sulawesi;Sulawesi
LH-16900;Lena Hernandez;32;M;Tomohon;North Sulawesi;Sulawesi
LH-17020;Lisa Hazard;33;M;Bekasi;West Java;Java
LH-17155;Logan Haushalter;33;M;Depok;West Java;Java
LL-16840;Lauren Leatherbury;40;F;Lhokseumawe;Aceh;Sumatra
LM-17065;Liz MacKendrick;32;M;Semarang;Central Java;Java
LO-17170;Lori Olson;26;F;Surakarta;Central Java;Java
LP-17080;Liz Pelletier;33;F;Semarang;Central Java;Java
LP-17095;Liz Preis;34;F;Tomohon;North Sulawesi;Sulawesi
LR-16915;Lena Radford;34;F;Kediri;East Java;Java
LR-17035;Lisa Ryan;28;F;Binjai;North Sumatra;Sumatra
LS-16945;Linda Southworth;32;F;Bekasi;West Java;Java
LS-16975;Lindsay Shagiari;22;M;Makassar;South Sulawesi;Sulawesi
LS-17200;Luke Schmidt;37;M;Lubuklinggau;South Sumatra;Sumatra
LS-17230;Lycoris Saunders;25;F;Yogyakarta;Special Region of Yogyakarta;Java
LS-17245;Lynn Smith;36;M;Metro;Lampung;Sumatra
LT-16765;Larry Tron;28;F;Palangka Raya;Central Kalimantan;Kalimantan
LT-17110;Liz Thompson;23;F;Metro;Lampung;Sumatra
LW-16825;Laurel Workman;27;M;Tasikmalaya;West Java;Java
LW-16990;Lindsay Williams;26;F;Bekasi;West Java;Java
LW-17125;Liz Willingham;35;M;Bekasi;West Java;Java
LW-17215;Luke Weiss;33;M;Banjarmasin;South Kalimantan;Kalimantan
MA-17560;Matt Abelman;34;M;Lubuklinggau;South Sumatra;Sumatra
MA-17995;Michelle Arnett;34;F;Semarang;Central Java;Java
MB-17305;Maria Bertelson;39;F;Palu;Central Sulawesi;Sulawesi
MB-18085;Mick Brown;40;F;Palembang;South Sumatra;Sumatra
MC-17275;Marc Crier;31;F;Tebing Tinggi;North Sumatra;Sumatra
MC-17425;Mark Cousins;29;F;Subulussalam;Aceh;Sumatra
MC-17575;Matt Collins;30;F;Batu;East Java;Java
MC-17590;Matt Collister;25;M;Madiun;East Java;Java
MC-17605;Matt Connell;26;M;Ambon;Maluku;Maluku Islands
MC-17635;Matthew Clasen;25;M;Sawahlunto;West Sumatra;Sumatra
MC-17845;Michael Chen;35;F;Blitar;East Java;Java
MC-18100;Mick Crebagga;27;M;Probolinggo;East Java;Java
MC-18130;Mike Caudle;37;M;Sungai Penuh;Jambi;Jambi
MD-17350;Maribeth Dona;31;M;Tasikmalaya;West Java;Java
MD-17860;Michael Dominguez;38;F;Ambon;Maluku;Maluku Islands
ME-17320;Maria Etezadi;24;F;Cimahi;West Java;Java
ME-17725;Max Engle;21;M;Cilegon;Banten;Java
ME-18010;Michelle Ellison;32;M;Balikpapan;East Kalimantan;Kalimantan
MF-17665;Maureen Fritzler;29;F;Magelang;Central Java;Java
MF-18250;Monica Federle;32;M;Batu;East Java;Java
MG-17650;Matthew Grinstein;35;M;Solok;West Sumatra;Sumatra
MG-17680;Maureen Gastineau;29;M;Bau-Bau;Southeast Sulawesi;Sulawesi
MG-17695;Maureen Gnade;38;F;Sukabumi;West Java;Java
MG-17875;Michael Grace;29;M;Banjarmasin;South Kalimantan;Kalimantan
MG-17890;Michael Granlund;36;M;Bitung;North Sulawesi;Sulawesi
MG-18145;Mike Gockenbach;39;F;Singkawang;West Kalimantan;Kalimantan
MG-18205;Mitch Gastineau;22;M;Batu;East Java;Java
MH-17290;Marc Harrigan;38;F;Bengkulu;Bengkulu;Sumatra
MH-17440;Mark Haberlin;29;F;Tual;Maluku;Maluku Islands
MH-17455;Mark Hamilton;35;F;Tegal;Central Java;Java
MH-17620;Matt Hagelstein;32;F;Tebing Tinggi;North Sumatra;Sumatra
MH-17785;Maya Herman;21;M;Langsa;Aceh;Sumatra
MH-18025;Michelle Huthwaite;21;F;Surabaya;East Java;Java
MH-18115;Mick Hernandez;24;F;Tomohon;North Sulawesi;Sulawesi
MJ-17740;Max Jones;36;F;Payakumbuh;West Sumatra;Sumatra
MK-17905;Michael Kennedy;27;F;Palangka Raya;Central Kalimantan;Kalimantan
MK-18160;Mike Kennedy;30;F;Kendari;Southeast Sulawesi;Sulawesi
ML-17395;Marina Lichtenstein;23;M;Binjai;North Sumatra;Sumatra
ML-17410;Maris LaWare;34;F;Langsa;Aceh;Sumatra
ML-17755;Max Ludwig;37;M;Bukittinggi;West Sumatra;Sumatra
ML-18040;Michelle Lonsdale;20;F;Tual;Maluku;Maluku Islands
ML-18265;Muhammed Lee;30;M;Cilegon;Banten;Java
MM-17260;Magdelene Morse;21;F;Jakarta;Special Capital Region of Jakarta;Java
MM-17920;Michael Moore;30;F;Pematangsiantar;North Sumatra;Sumatra
MM-18055;Michelle Moray;26;F;Malang;East Java;Java
MM-18280;Muhammed MacIntyre;25;F;Lhokseumawe;Aceh;Sumatra
MN-17935;Michael Nguyen;31;M;Padang Sidempuan;North Sumatra;Sumatra
MO-17500;Mary O'Rourke;20;F;Serang;Banten;Java
MO-17800;Meg O'Connel;21;M;Singkawang;West Kalimantan;Kalimantan
MO-17950;Michael Oakman;40;M;Probolinggo;East Java;Java
MP-17470;Mark Packer;26;M;Kediri;East Java;Java
MP-17965;Michael Paige;33;F;Bandar Lampung;Lampung;Sumatra
MP-18175;Mike Pelletier;32;M;Sukabumi;West Java;Java
MR-17545;Mathew Reese;39;F;Sungai Penuh;Jambi;Jambi
MS-17365;Maribeth Schnelling;23;F;Tanjungbalai;North Sumatra;Sumatra
MS-17530;MaryBeth Skach;31;F;Blitar;East Java;Java
MS-17710;Maurice Satty;21;F;Banjar;West Java;Java
MS-17770;Maxwell Schwartz;33;F;Tomohon;North Sulawesi;Sulawesi
MS-17830;Melanie Seite;24;M;Bogor;West Java;Java
MS-17980;Michael Stewart;25;M;Pekalongan;Central Java;Java
MT-17815;Meg Tillman;38;F;Palu;Central Sulawesi;Sulawesi
MT-18070;Michelle Tran;24;M;Kupang;East Nusa Tenggara;Lesser Sunda Islands
MV-17485;Mark Van Huff;34;M;Tangerang;Banten;Java
MV-18190;Mike Vittorini;27;M;Sukabumi;West Java;Java
MW-18220;Mitch Webber;23;F;Bengkulu;Bengkulu;Sumatra
MW-18235;Mitch Willingham;39;M;Bau-Bau;Southeast Sulawesi;Sulawesi
MY-17380;Maribeth Yedwab;33;F;Batu;East Java;Java
MY-18295;Muhammed Yedwab;32;M;Banjar;West Java;Java
MZ-17335;Maria Zettner;39;F;Batu;East Java;Java
MZ-17515;Mary Zewe;27;F;Palu;Central Sulawesi;Sulawesi
NB-18580;Nicole Brennan;27;F;Langsa;Aceh;Sumatra
NB-18655;Nona Balk;34;M;Batu;East Java;Java
NC-18340;Nat Carroll;27;F;Bekasi;West Java;Java
NC-18415;Nathan Cano;37;F;Kotamobagu;North Sulawesi;Sulawesi
NC-18535;Nick Crebassa;23;F;Sukabumi;West Java;Java
NC-18625;Noah Childs;39;M;Tanjungbalai;North Sumatra;Sumatra
ND-18370;Natalie DeCherney;39;M;Batu;East Java;Java
ND-18460;Neil Ducich;28;F;Subulussalam;Aceh;Sumatra
NF-18385;Natalie Fritzler;38;M;Salatiga;Central Java;Java
NF-18475;Neil Franzosisch;21;F;Parepare;South Sulawesi;Sulawesi
NF-18595;Nicole Fjeld;39;F;Bekasi;West Java;Java
NG-18355;Nat Gilpin;35;F;Samarinda;East Kalimantan;Kalimantan
NG-18430;Nathan Gelder;28;F;Singkawang;West Kalimantan;Kalimantan
NH-18610;Nicole Hansen;35;F;Bandar Lampung;Lampung;Sumatra
NK-18490;Neil Knudson;37;M;Kendari;Southeast Sulawesi;Sulawesi
NL-18310;Nancy Lomonaco;25;F;Kendari;Southeast Sulawesi;Sulawesi
NM-18445;Nathan Mautz;31;M;Bengkulu;Bengkulu;Sumatra
NM-18520;Neoma Murray;29;F;Probolinggo;East Java;Java
NP-18325;Naresj Patel;27;F;Banjar;West Java;Java
NP-18670;Nora Paige;39;M;Bontang;East Kalimantan;Kalimantan
NP-18685;Nora Pelletier;35;F;Kendari;Southeast Sulawesi;Sulawesi
NP-18700;Nora Preis;24;M;Kupang;East Nusa Tenggara;Lesser Sunda Islands
NR-18550;Nick Radford;31;M;Banjarbaru;South Kalimantan;Kalimantan
NS-18505;Neola Schneider;26;M;Makassar;South Sulawesi;Sulawesi
NS-18640;Noel Staavos;38;M;Tual;Maluku;Maluku Islands
NW-18400;Natalie Webber;30;F;Lubuklinggau;South Sumatra;Sumatra
NZ-18565;Nick Zandusky;20;F;Denpasar;Bali;Lesser Sunda Islands
ON-18715;Odella Nelson;32;M;Bandung;West Java;Java
OT-18730;Olvera Toch;25;F;Parepare;South Sulawesi;Sulawesi
PA-19060;Pete Armstrong;39;M;Medan;North Sumatra;Sumatra
PB-18805;Patrick Bzostek;33;M;Pontianak;West Kalimantan;Kalimantan
PB-19105;Peter Buhler;32;M;Kotamobagu;North Sulawesi;Sulawesi
PB-19150;Philip Brown;24;M;Pontianak;West Kalimantan;Kalimantan
PB-19210;Phillip Breyer;28;F;Tebing Tinggi;North Sumatra;Sumatra
PC-18745;Pamela Coakley;27;M;Bima;West Nusa Tenggara;Lesser Sunda Islands
PC-19000;Pauline Chand;26;M;Metro;Lampung;Sumatra
PF-19120;Peter Fuller;39;M;Blitar;East Java;Java
PF-19165;Philip Fox;20;F;Sawahlunto;West Sumatra;Sumatra
PF-19225;Phillip Flathmann;24;M;Medan;North Sumatra;Sumatra
PG-18820;Patrick Gardner;27;M;Sibolga;North Sumatra;Sumatra
PG-18895;Paul Gonzalez;32;F;Jakarta;Special Capital Region of Jakarta;Java
PH-18790;Patricia Hirasaki;40;F;Magelang;Central Java;Java
PJ-18835;Patrick Jones;26;M;Kupang;East Nusa Tenggara;Lesser Sunda Islands
PJ-19015;Pauline Johnson;21;M;Pekalongan;Central Java;Java
PK-18910;Paul Knutson;36;F;Sukabumi;West Java;Java
PK-19075;Pete Kriz;28;F;South Tangerang;Banten;Java
PL-18925;Paul Lucas;37;F;Payakumbuh;West Sumatra;Sumatra
PM-18940;Paul MacIntyre;28;F;Surabaya;East Java;Java
PM-19135;Peter McVee;36;F;Bukittinggi;West Sumatra;Sumatra
PN-18775;Parhena Norris;35;M;Banjarmasin;South Kalimantan;Kalimantan
PO-18850;Patrick O'Brill;25;F;Palangka Raya;Central Kalimantan;Kalimantan
PO-18865;Patrick O'Donnell;31;F;Madiun;East Java;Java
PO-19180;Philisse Overcash;20;F;Bandar Lampung;Lampung;Sumatra
PO-19195;Phillina Ober;20;M;Samarinda;East Kalimantan;Kalimantan
PP-18955;Paul Prost;23;M;Tangerang;Banten;Java
PR-18880;Patrick Ryan;36;M;Pekalongan;Central Java;Java
PS-18760;Pamela Stobb;33;F;Semarang;Central Java;Java
PS-18970;Paul Stevenson;37;F;Tangerang;Banten;Java
PS-19045;Penelope Sewall;40;M;Malang;East Java;Java
PT-19090;Pete Takahito;21;F;Bima;West Nusa Tenggara;Lesser Sunda Islands
PV-18985;Paul Van Hugh;33;M;Sawahlunto;West Sumatra;Sumatra
PW-19030;Pauline Webber;25;M;Malang;East Java;Java
PW-19240;Pierre Wener;26;M;Sungai Penuh;Jambi;Jambi
QJ-19255;Quincy Jones;30;F;Surabaya;East Java;Java
RA-19285;Ralph Arnett;20;F;Palembang;South Sumatra;Sumatra
RA-19885;Ruben Ausman;31;M;Makassar;South Sulawesi;Sulawesi
RA-19915;Russell Applegate;38;M;Kupang;East Nusa Tenggara;Lesser Sunda Islands
RA-19945;Ryan Akin;37;F;Madiun;East Java;Java
RB-19330;Randy Bradley;33;M;Pekalongan;Central Java;Java
RB-19360;Raymond Buch;20;F;South Tangerang;Banten;Java
RB-19435;Richard Bierner;36;M;Cimahi;West Java;Java
RB-19465;Rick Bensley;21;F;Makassar;South Sulawesi;Sulawesi
RB-19570;Rob Beeghly;35;M;Parepare;South Sulawesi;Sulawesi
RB-19645;Robert Barroso;25;M;Surabaya;East Java;Java
RB-19705;Roger Barcio;30;M;Bandung;West Java;Java
RB-19795;Ross Baird;38;F;Kediri;East Java;Java
RC-19825;Roy Collins;38;F;Denpasar;Bali;Lesser Sunda Islands
RC-19960;Ryan Crowe;28;M;Malang;East Java;Java
RD-19480;Rick Duston;22;F;Palopo;South Sulawesi;Sulawesi
RD-19585;Rob Dowd;21;F;Malang;East Java;Java
RD-19660;Robert Dilbeck;28;M;Sawahlunto;West Sumatra;Sumatra
RD-19720;Roger Demir;40;F;Pariaman;West Sumatra;Sumatra
RD-19810;Ross DeVincentis;31;F;Jambi;Jambi;Sumatra
RD-19900;Ruben Dartt;29;F;Blitar;East Java;Java
RD-19930;Russell D'Ascenzo;29;M;Tegal;Central Java;Java
RE-19405;Ricardo Emerson;38;F;Prabumulih;South Sumatra;Sumatra
RE-19450;Richard Eichhorn;20;F;Magelang;Central Java;Java
RF-19345;Randy Ferguson;29;F;Bandung;West Java;Java
RF-19735;Roland Fjeld;31;F;Palopo;South Sulawesi;Sulawesi
RF-19840;Roy Franzosisch;24;F;Tasikmalaya;West Java;Java
RH-19495;Rick Hansen;29;F;Cilegon;Banten;Java
RH-19510;Rick Huthwaite;29;M;Bekasi;West Java;Java
RH-19555;Ritsa Hightower;23;F;Kediri;East Java;Java
RH-19600;Rob Haberlin;22;M;Palu;Central Sulawesi;Sulawesi
RK-19300;Ralph Kennedy;38;M;Surakarta;Central Java;Java
RL-19615;Rob Lucas;26;F;Cilegon;Banten;Java
RM-19375;Raymond Messe;22;F;Bengkulu;Bengkulu;Sumatra
RM-19675;Robert Marley;25;F;Banjarmasin;South Kalimantan;Kalimantan
RM-19750;Roland Murray;28;F;Serang;Banten;Java
RO-19780;Rose O'Brian;29;M;Salatiga;Central Java;Java
RP-19270;Rachel Payne;36;M;Bitung;North Sulawesi;Sulawesi
RP-19390;Resi Polking;20;F;Bitung;North Sulawesi;Sulawesi
RP-19855;Roy Phan;22;M;Mojokerto City;East Java;Java
RR-19315;Ralph Ritter;39;F;Ambon;Maluku;Maluku Islands
RR-19525;Rick Reed;36;F;Kupang;East Nusa Tenggara;Lesser Sunda Islands
RS-19420;Ricardo Sperren;21;M;Palembang;South Sumatra;Sumatra
RS-19765;Roland Schwarz;26;F;Surabaya;East Java;Java
RS-19870;Roy Skaria;21;M;Jambi;Jambi;Sumatra
RW-19540;Rick Wilson;25;M;Probolinggo;East Java;Java
RW-19630;Rob Williams;33;M;Pasuruan;East Java;Java
RW-19690;Robert Waldorf;34;F;Magelang;Central Java;Java
SA-20830;Sue Ann Reed;29;F;Bontang;East Kalimantan;Kalimantan
SB-20170;Sarah Bern;38;F;Palangka Raya;Central Kalimantan;Kalimantan
SB-20185;Sarah Brown;39;F;Padang;West Sumatra;Sumatra
SB-20290;Sean Braxton;28;F;Bau-Bau;Southeast Sulawesi;Sulawesi
SC-20020;Sam Craven;32;M;Banjar;West Java;Java
SC-20050;Sample Company A;23;M;Pariaman;West Sumatra;Sumatra
SC-20095;Sanjit Chand;23;F;Tangerang;Banten;Java
SC-20230;Scot Coram;31;M;Palopo;South Sulawesi;Sulawesi
SC-20260;Scott Cohen;24;F;Pagar Alam;South Sumatra;Sumatra
SC-20305;Sean Christensen;38;M;Makassar;South Sulawesi;Sulawesi
SC-20380;Shahid Collister;32;M;Banjar;West Java;Java
SC-20440;Shaun Chance;25;F;Kendari;Southeast Sulawesi;Sulawesi
SC-20575;Sonia Cooley;35;M;Pagar Alam;South Sumatra;Sumatra
SC-20680;Steve Carroll;34;M;Sukabumi;West Java;Java
SC-20695;Steve Chapman;25;M;Serang;Banten;Java
SC-20725;Steven Cartwright;25;F;Padang;West Sumatra;Sumatra
SC-20770;Stewart Carmichael;39;F;Bandung;West Java;Java
SC-20800;Stuart Calhoun;28;M;Semarang;Central Java;Java
SC-20845;Sung Chung;36;M;Samarinda;East Kalimantan;Kalimantan
SD-20485;Shirley Daniels;29;M;Metro;Lampung;Sumatra
SE-20110;Sanjit Engle;20;F;Probolinggo;East Java;Java
SF-20065;Sandra Flanagan;35;F;Pariaman;West Sumatra;Sumatra
SF-20200;Sarah Foster;23;F;Bukittinggi;West Sumatra;Sumatra
SF-20965;Sylvia Foulston;30;F;Tegal;Central Java;Java
SG-20080;Sandra Glassco;37;F;Mojokerto City;East Java;Java
SG-20470;Sheri Gordon;39;M;Bukittinggi;West Sumatra;Sumatra
SG-20605;Speros Goranitis;37;F;Surakarta;Central Java;Java
SG-20890;Susan Gilcrest;21;M;Prabumulih;South Sumatra;Sumatra
SH-19975;Sally Hughsby;40;M;Tangerang;Banten;Java
SH-20395;Shahid Hopkins;24;F;Surakarta;Central Java;Java
SH-20635;Stefanie Holloman;39;F;South Tangerang;Banten;Java
SJ-20125;Sanjit Jacobs;20;M;Pekalongan;Central Java;Java
SJ-20215;Sarah Jordon;31;M;Bekasi;West Java;Java
SJ-20500;Shirley Jackson;28;F;Magelang;Central Java;Java
SK-19990;Sally Knutson;38;M;Tomohon;North Sulawesi;Sulawesi
SL-20155;Sara Luxemburg;23;F;Jakarta;Special Capital Region of Jakarta;Java
SM-20005;Sally Matthias;30;M;Jakarta;Special Capital Region of Jakarta;Java
SM-20320;Sean Miller;30;F;Jakarta;Special Capital Region of Jakarta;Java
SM-20905;Susan MacKendrick;25;F;Jakarta;Special Capital Region of Jakarta;Java
SM-20950;Suzanne McNair;25;F;Jakarta;Special Capital Region of Jakarta;Java
SN-20560;Skye Norling;37;F;Jakarta;Special Capital Region of Jakarta;Java
SN-20710;Steve Nguyen;26;F;Jakarta;Special Capital Region of Jakarta;Java
SO-20335;Sean O'Donnell;36;F;Jakarta;Special Capital Region of Jakarta;Java
SP-20545;Sibella Parks;39;M;Jakarta;Special Capital Region of Jakarta;Java
SP-20620;Stefania Perrino;34;F;Jakarta;Special Capital Region of Jakarta;Java
SP-20650;Stephanie Phelps;28;F;Jakarta;Special Capital Region of Jakarta;Java
SP-20860;Sung Pak;26;F;Jakarta;Special Capital Region of Jakarta;Java
SP-20920;Susan Pistek;22;M;Jakarta;Special Capital Region of Jakarta;Java
SR-20425;Sharelle Roach;37;F;Jakarta;Special Capital Region of Jakarta;Java
SR-20740;Steven Roelle;21;F;Jakarta;Special Capital Region of Jakarta;Java
SS-20140;Saphhira Shifley;36;F;Jakarta;Special Capital Region of Jakarta;Java
SS-20410;Shahid Shariari;20;F;Jakarta;Special Capital Region of Jakarta;Java
SS-20515;Shirley Schmidt;39;F;Jakarta;Special Capital Region of Jakarta;Java
SS-20590;Sonia Sunley;34;M;Jakarta;Special Capital Region of Jakarta;Java
SS-20875;Sung Shariari;20;M;Jakarta;Special Capital Region of Jakarta;Java
ST-20530;Shui Tom;33;F;Jakarta;Special Capital Region of Jakarta;Java
SU-20665;Stephanie Ulpright;31;M;Jakarta;Special Capital Region of Jakarta;Java
SV-20365;Seth Vernon;24;F;Jakarta;Special Capital Region of Jakarta;Java
SV-20785;Stewart Visinsky;24;F;Jakarta;Special Capital Region of Jakarta;Java
SV-20815;Stuart Van;25;M;Jakarta;Special Capital Region of Jakarta;Java
SV-20935;Susan Vittorini;23;M;Jakarta;Special Capital Region of Jakarta;Java
SW-20245;Scot Wooten;23;M;Jakarta;Special Capital Region of Jakarta;Java
SW-20275;Scott Williamson;24;F;Jakarta;Special Capital Region of Jakarta;Java
SW-20350;Sean Wendt;22;M;Jakarta;Special Capital Region of Jakarta;Java
SW-20455;Shaun Weien;39;M;Jakarta;Special Capital Region of Jakarta;Java
SW-20755;Steven Ward;26;F;Jakarta;Special Capital Region of Jakarta;Java
SZ-20035;Sam Zeldin;36;F;Jakarta;Special Capital Region of Jakarta;Java
TA-21385;Tom Ashbrook;36;F;Jakarta;Special Capital Region of Jakarta;Java
TB-21055;Ted Butterfield;28;M;Jakarta;Special Capital Region of Jakarta;Java
TB-21175;Thomas Boland;24;M;Jakarta;Special Capital Region of Jakarta;Java
TB-21190;Thomas Brumley;21;F;Jakarta;Special Capital Region of Jakarta;Java
TB-21250;Tim Brockman;36;M;Jakarta;Special Capital Region of Jakarta;Java
TB-21280;Toby Braunhardt;27;F;Jakarta;Special Capital Region of Jakarta;Java
TB-21355;Todd Boyes;32;M;Jakarta;Special Capital Region of Jakarta;Java
TB-21400;Tom Boeckenhauer;27;F;Jakarta;Special Capital Region of Jakarta;Java
TB-21520;Tracy Blumstein;24;F;Jakarta;Special Capital Region of Jakarta;Java
TB-21595;Troy Blackwell;23;M;Jakarta;Special Capital Region of Jakarta;Java
TB-21625;Trudy Brown;23;M;Jakarta;Special Capital Region of Jakarta;Java
TC-20980;Tamara Chand;29;M;Jakarta;Special Capital Region of Jakarta;Java
TC-21145;Theresa Coyne;34;M;Jakarta;Special Capital Region of Jakarta;Java
TC-21295;Toby Carlisle;38;M;Jakarta;Special Capital Region of Jakarta;Java
TC-21475;Tony Chapman;21;M;Jakarta;Special Capital Region of Jakarta;Java
TC-21535;Tracy Collins;36;F;Jakarta;Special Capital Region of Jakarta;Java
TD-20995;Tamara Dahlen;35;F;Jakarta;Special Capital Region of Jakarta;Java
TG-21310;Toby Gnade;24;M;Jakarta;Special Capital Region of Jakarta;Java
TG-21640;Trudy Glocke;23;M;Jakarta;Special Capital Region of Jakarta;Java
TH-21100;Thea Hendricks;38;M;Jakarta;Special Capital Region of Jakarta;Java
TH-21115;Thea Hudgings;32;M;Jakarta;Special Capital Region of Jakarta;Java
TH-21235;Tiffany House;36;M;Yogyakarta;Special Region of Yogyakarta;Java
TH-21550;Tracy Hopkins;22;F;Yogyakarta;Special Region of Yogyakarta;Java
TM-21010;Tamara Manning;20;M;Yogyakarta;Special Region of Yogyakarta;Java
TM-21490;Tony Molinari;25;M;Yogyakarta;Special Region of Yogyakarta;Java
TN-21040;Tanja Norvell;23;F;Yogyakarta;Special Region of Yogyakarta;Java
TP-21130;Theone Pippenger;20;F;Yogyakarta;Special Region of Yogyakarta;Java
TP-21415;Tom Prescott;35;F;Yogyakarta;Special Region of Yogyakarta;Java
TP-21565;Tracy Poddar;29;F;Yogyakarta;Special Region of Yogyakarta;Java
TR-21325;Toby Ritter;26;M;Yogyakarta;Special Region of Yogyakarta;Java
TS-21085;Thais Sissman;40;F;Yogyakarta;Special Region of Yogyakarta;Java
TS-21160;Theresa Swint;34;M;Yogyakarta;Special Region of Yogyakarta;Java
TS-21205;Thomas Seio;34;M;Yogyakarta;Special Region of Yogyakarta;Java
TS-21340;Toby Swindell;36;F;Yogyakarta;Special Region of Yogyakarta;Java
TS-21370;Todd Sumrall;39;M;Yogyakarta;Special Region of Yogyakarta;Java
TS-21430;Tom Stivers;26;F;Yogyakarta;Special Region of Yogyakarta;Java
TS-21505;Tony Sayre;33;F;Yogyakarta;Special Region of Yogyakarta;Java
TS-21610;Troy Staebel;24;F;Yogyakarta;Special Region of Yogyakarta;Java
TS-21655;Trudy Schmidt;22;F;Yogyakarta;Special Region of Yogyakarta;Java
TT-21070;Ted Trevino;36;M;Yogyakarta;Special Region of Yogyakarta;Java
TT-21220;Thomas Thornton;31;F;Yogyakarta;Special Region of Yogyakarta;Java
TT-21265;Tim Taslimi;27;M;Yogyakarta;Special Region of Yogyakarta;Java
TT-21460;Tonja Turnell;25;F;Yogyakarta;Special Region of Yogyakarta;Java
TW-21025;Tamara Willingham;28;F;Yogyakarta;Special Region of Yogyakarta;Java
TZ-21580;Tracy Zic;21;M;Yogyakarta;Special Region of Yogyakarta;Java
VB-21745;Victoria Brennan;34;M;Yogyakarta;Special Region of Yogyakarta;Java
VD-21670;Valerie Dominguez;31;F;Yogyakarta;Special Region of Yogyakarta;Java
VF-21715;Vicky Freymann;26;F;Yogyakarta;Special Region of Yogyakarta;Java
VG-21790;Vivek Gonzalez;24;M;Yogyakarta;Special Region of Yogyakarta;Java
VG-21805;Vivek Grady;29;M;Yogyakarta;Special Region of Yogyakarta;Java
VM-21685;Valerie Mitchum;34;M;Yogyakarta;Special Region of Yogyakarta;Java
VM-21835;Vivian Mathis;38;M;Yogyakarta;Special Region of Yogyakarta;Java
VP-21730;Victor Preis;40;F;Yogyakarta;Special Region of Yogyakarta;Java
VP-21760;Victoria Pisteka;21;M;Yogyakarta;Special Region of Yogyakarta;Java
VS-21820;Vivek Sundaresam;39;F;Yogyakarta;Special Region of Yogyakarta;Java
VT-21700;Valerie Takahito;36;M;Yogyakarta;Special Region of Yogyakarta;Java
VW-21775;Victoria Wilson;35;M;Yogyakarta;Special Region of Yogyakarta;Java
WB-21850;William Brown;30;M;Yogyakarta;Special Region of Yogyakarta;Java
XP-21865;Xylona Preis;38;M;Yogyakarta;Special Region of Yogyakarta;Java
YC-21895;Yoseph Carroll;21;M;Yogyakarta;Special Region of Yogyakarta;Java
YS-21880;Yana Sorensen;22;M;Yogyakarta;Special Region of Yogyakarta;Java
ZC-21910;Zuschuss Carroll;32;M;Yogyakarta;Special Region of Yogyakarta;Java
ZD-21925;Zuschuss Donatelli;32;M;Yogyakarta;Special Region of Yogyakarta;Java
;;;;;;
;;;;;;
;;;;;;
;;;;;;
;;;;;;
;;;;;;
;;;;;;
;;;;;;
;;;;;;
;;;;;;
;;;;;;
;;;;;;
;;;;;;
;;;;;;
;;;;;;
;;;;;;
;;;;;;
;;;;;;
;;;;;;
;;;;;;
;;;;;;
;;;;;;
;;;;;;
;;;;;;
;;;;;;
;;;;;;
;;;;;;
;;;;;;
;;;;;;
;;;;;;
;;;;;;
;;;;;;
;;;;;;
;;;;;;
;;;;;;
;;;;;;
;;;;;;
;;;;;;
;;;;;;
;;;;;;
;;;;;;
;;;;;;
;;;;;;
;;;;;;
;;;;;;
;;;;;;
;;;;;;
;;;;;;
;;;;;;
;;;;;;
;;;;;;
;;;;;;
;;;;;;
;;;;;;
;;;;;;
;;;;;;
;;;;;;
;;;;;;
;;;;;;
;;;;;;
;;;;;;
;;;;;;
;;;;;;
;;;;;;
;;;;;;
;;;;;;
;;;;;;
;;;;;;
;;;;;;
;;;;;;
;;;;;;
;;;;;;
;;;;;;
;;;;;;
;;;;;;
;;;;;;
;;;;;;
;;;;;;
;;;;;;
;;;;;;
;;;;;;
;;;;;;
;;;;;;
;;;;;;
;;;;;;
;;;;;;
;;;;;;
;;;;;;
;;;;;;
;;;;;;
;;;;;;
;;;;;;
;;;;;;
;;;;;;
;;;;;;
;;;;;;
;;;;;;
;;;;;;
;;;;;;
;;;;;;
;;;;;;
;;;;;;
;;;;;;
;;;;;;
;;;;;;
;;;;;;
;;;;;;
;;;;;;
;;;;;;
;;;;;;
;;;;;;
;;;;;;
;;;;;;
;;;;;;
;;;;;;
;;;;;;
;;;;;;
;;;;;;
;;;;;;
;;;;;;
;;;;;;
;;;;;;
;;;;;;
;;;;;;
;;;;;;
;;;;;;
;;;;;;
;;;;;;
;;;;;;
;;;;;;
;;;;;;
;;;;;;
;;;;;;
;;;;;;
;;;;;;
;;;;;;
;;;;;;
;;;;;;
;;;;;;
;;;;;;
;;;;;;
;;;;;;
;;;;;;
;;;;;;
;;;;;;
;;;;;;
;;;;;;
;;;;;;
;;;;;;
;;;;;;
;;;;;;
;;;;;;
;;;;;;
;;;;;;
;;;;;;
;;;;;;
;;;;;;
;;;;;;
;;;;;;
;;;;;;
;;;;;;
;;;;;;
;;;;;;
;;;;;;
;;;;;;
;;;;;;
;;;;;;
;;;;;;
;;;;;;
;;;;;;
;;;;;;
;;;;;;
;;;;;;
;;;;;;
;;;;;;
;;;;;;
;;;;;;
;;;;;;
;;;;;;
;;;;;;
;;;;;;
;;;;;;
;;;;;;
;;;;;;
;;;;;;
;;;;;;
;;;;;;
;;;;;;
;;;;;;
;;;;;;
;;;;;;
;;;;;;
;;;;;;
;;;;;;
;;;;;;
;;;;;;
;;;;;;
;;;;;;
;;;;;;
;;;;;;
;;;;;;
;;;;;;
;;;;;;
;;;;;;
;;;;;;
;;;;;;
